"Date","Close","chg.close.","Low","chg.low.","High","chg.high."
2021-01-04,50.23,50.23,49.97,49.97,51.88,51.88
2021-01-05,51.87,1.64,50.01,0.04,52.26,0.38
2021-01-06,52.02,0.15,51.21,1.2,52.37,0.11
2021-01-07,52.2,0.18,51.89,0.68,52.34,-0.03
2021-01-08,53.33,1.13,52.31,0.42,53.61,1.27
2021-01-11,53.33,0,52.66,0.35,53.48,-0.13
2021-01-12,54.12,0.79,53.35,0.69,54.23,0.75
2021-01-13,54.13,0.01,53.75,0.4,54.82,0.59
2021-01-14,54.43,0.3,53.68,-0.07,54.56,-0.26
2021-01-15,53.53,-0.9,52.97,-0.71,54.5,-0.06
2021-01-19,53.89,0.36,52.93,-0.04,53.93,-0.57
2021-01-20,53.82,-0.07,53.5,0.57,54.25,0.32
2021-01-21,53.79,-0.03,53.41,-0.09,53.83,-0.42
2021-01-22,53.22,-0.57,52.61,-0.8,53.39,-0.44
2021-01-25,53.56,0.34,53.1,0.49,53.51,0.12
2021-01-26,53.36,-0.2,53.19,0.09,53.76,0.25
2021-01-27,53.41,0.05,52.89,-0.3,53.82,0.06
2021-01-28,52.91,-0.5,52.88,-0.01,53.84,0.02
2021-01-29,52.79,-0.12,52.75,-0.13,53.59,-0.25
2021-02-01,53.92,1.13,52.5,-0.25,53.99,0.4
2021-02-02,54.8,0.88,54.02,1.52,55.11,1.12
2021-02-03,55.51,0.71,54.91,0.89,55.71,0.6
2021-02-04,55.83,0.32,55.36,0.45,55.97,0.26
2021-02-05,56.27,0.44,56,0.64,56.53,0.56
2021-02-08,57.36,1.09,56.58,0.58,57.4,0.87
2021-02-09,57.7,0.34,57.26,0.68,57.78,0.38
2021-02-10,57.95,0.25,57.53,0.27,58.03,0.25
2021-02-11,57.64,-0.31,57.41,-0.12,57.95,-0.08
2021-02-12,58.45,0.81,57.11,-0.3,58.66,0.71
2021-02-16,59.2,0.75,58.66,1.55,59.34,0.68
2021-02-17,59.66,0.46,58.89,0.23,60,0.66
2021-02-18,59.35,-0.31,58.92,0.03,60.46,0.46
2021-02-19,58.73,-0.62,58.19,-0.73,59.38,-1.08
2021-02-22,60.59,1.86,59.12,0.93,61.01,1.63
2021-02-23,60.84,0.25,60.08,0.96,61.72,0.71
2021-02-24,62.38,1.54,60.5,0.42,62.45,0.73
2021-02-25,62.32,-0.06,61.97,1.47,62.87,0.42
2021-02-26,60.6,-1.72,60.5,-1.47,62.06,-0.81
2021-03-01,59.96,-0.64,59.59,-0.91,61.82,-0.24
2021-03-02,59.44,-0.52,59,-0.59,60.55,-1.27
2021-03-03,60.67,1.23,59.13,0.13,61.15,0.6
2021-03-04,62.64,1.97,60.17,1.04,63.4,2.25
2021-03-05,64.58,1.94,62.58,2.41,64.75,1.35
2021-03-08,63.96,-0.62,63.49,0.91,66.13,1.38
2021-03-09,63.53,-0.43,63.2,-0.29,64.82,-1.31
2021-03-10,63.7,0.17,62.68,-0.52,64.1,-0.72
2021-03-11,64.98,1.28,63.9,1.22,65.1,1
2021-03-12,64.79,-0.19,64.55,0.65,65,-0.1
2021-03-15,64.55,-0.24,63.82,-0.73,65.45,0.45
2021-03-16,64.29,-0.26,63.43,-0.39,64.51,-0.94
2021-03-17,64.32,0.03,63.76,0.33,64.79,0.28
2021-03-18,60.68,-3.64,59.17,-4.59,64.36,-0.43
2021-03-19,61.71,1.03,60.05,0.88,62.03,-2.33
2021-03-22,61.97,0.26,61,0.95,62.14,0.11
2021-03-23,59.15,-2.82,58.86,-2.14,61.51,-0.63
2021-03-24,61.85,2.7,58.89,0.03,61.85,0.34
2021-03-25,59.61,-2.24,58.91,0.02,61.51,-0.34
2021-03-26,61.71,2.1,59.92,1.01,62,0.49
2021-03-29,61.97,0.26,60.46,0.54,62.3,0.3
2021-03-30,61.24,-0.73,60.8,0.34,62.4,0.1
2021-03-31,60.22,-1.02,60.26,-0.54,61.82,-0.58
2021-04-01,62.49,2.27,60.16,-0.1,62.6,0.78
2021-04-05,60.37,-2.12,59.46,-0.7,62.32,-0.28
2021-04-06,61,0.63,60.48,1.02,62.2,-0.12
2021-04-07,61.24,0.24,60.11,-0.37,61.66,-0.54
2021-04-08,60.86,-0.38,60.3,0.19,61.13,-0.53
2021-04-09,60.76,-0.1,60.33,0.03,60.91,-0.22
2021-04-12,61.15,0.39,60.33,0,61.93,1.02
2021-04-13,61.66,0.51,61.25,0.92,61.94,0.01
2021-04-14,64.14,2.48,62.05,0.8,64.32,2.38
2021-04-15,64.21,0.07,63.6,1.55,64.31,-0.01
2021-04-16,64.02,-0.19,63.86,0.26,64.68,0.37
2021-04-19,64.08,0.06,63.64,-0.22,64.4,-0.28
2021-04-20,63.51,-0.57,62.66,-0.98,64.82,0.42
2021-04-21,62.5,-1.01,62.11,-0.55,63.26,-1.56
2021-04-22,62.65,0.15,61.99,-0.12,63.04,-0.22
2021-04-23,63.3,0.65,62.4,0.41,63.41,0.37
2021-04-26,63.12,-0.18,62.16,-0.24,63.37,-0.04
2021-04-27,63.93,0.81,63.13,0.97,64.19,0.82
2021-04-28,64.69,0.76,63.78,0.65,65.02,0.83
2021-04-29,65.61,0.92,64.83,1.05,65.94,0.92
2021-04-30,64.35,-1.26,64,-0.83,65.48,-0.46
2021-05-03,65.26,0.91,63.88,-0.12,65.34,-0.14
2021-05-04,66.52,1.26,65.3,1.42,66.84,1.5
2021-05-05,66.64,0.12,66.15,0.85,67.39,0.55
2021-05-06,65.97,-0.67,65.89,-0.26,67,-0.39
2021-05-07,66.37,0.4,65.4,-0.49,66.5,-0.5
2021-05-10,66.56,0.19,65.82,0.42,67.3,0.8
2021-05-11,66.95,0.39,65.59,-0.23,67.09,-0.21
2021-05-12,67.68,0.73,66.8,1.21,68.11,1.02
2021-05-13,65.46,-2.22,64.9,-1.9,67.28,-0.83
2021-05-14,66.63,1.17,64.98,0.08,66.72,-0.56
2021-05-17,67.23,0.6,66.34,1.36,67.3,0.58
2021-05-18,66.7,-0.53,65.67,-0.67,67.84,0.54
2021-05-19,64.79,-1.91,63.6,-2.07,66.2,-1.64
2021-05-20,63.65,-1.14,63.36,-0.24,65.14,-1.06
2021-05-21,64.85,1.2,63.3,-0.06,65.25,0.11
2021-05-24,66.74,1.89,65.27,1.97,66.87,1.62
2021-05-25,66.73,-0.01,66.76,1.49,66.76,-0.11
2021-05-26,66.98,0.25,66.24,-0.52,67.1,0.34
2021-05-27,67.38,0.4,66.33,0.09,67.42,0.32
2021-05-28,66.9,-0.48,66.84,0.51,67.84,0.42
2021-06-01,68.32,1.42,68.8,1.96,68.8,0.96
2021-06-02,69.34,1.02,68.47,-0.33,69.4,0.6
2021-06-03,69.28,-0.06,68.98,0.51,68.98,-0.42
2021-06-04,69.87,0.59,68.98,0,70,1.02
2021-06-07,69.58,-0.29,69.11,0.13,70.06,0.06
2021-06-08,70.18,0.6,68.96,-0.15,70.31,0.25
2021-06-09,70.1,-0.08,69.78,0.82,70.58,0.27
2021-06-10,70.26,0.16,69,-0.78,70.6,0.02
2021-06-11,70.36,0.1,69.9,0.9,70.52,-0.08
2021-06-14,70.51,0.15,70.32,0.42,71,0.48
2021-06-15,71.37,0.86,70.4,0.08,71.64,0.64
2021-06-16,71.6,0.23,71.22,0.82,72.05,0.41
2021-06-17,70.27,-1.33,69.35,-1.87,71.56,-0.49
2021-06-18,70.63,0.36,69.5,0.15,70.81,-0.75
2021-06-21,71.69,1.06,70.19,0.69,71.74,0.93
2021-06-22,71.85,0.16,71.4,1.21,72.09,0.35
2021-06-23,72.34,0.49,72.1,0.7,72.9,0.81
2021-06-24,72.66,0.32,71.88,-0.22,72.78,-0.12
2021-06-25,73.15,0.49,72.1,0.22,73.13,0.35
2021-06-28,72.1,-1.05,71.92,-0.18,73.25,0.12
2021-06-29,72.25,0.15,71.4,-0.52,72.84,-0.41
2021-06-30,72.37,0.12,72,0.6,73.1,0.26
2021-07-01,73.44,1.07,72.38,0.38,74.01,0.91
2021-07-02,73.79,0.35,72.91,0.53,73.93,-0.08
2021-07-06,71.92,-1.87,71.54,-1.37,75.02,1.09
2021-07-07,70.96,-0.96,70.15,-1.39,73.25,-1.77
2021-07-08,71.7,0.74,69.83,-0.32,71.87,-1.38
2021-07-09,73.11,1.41,71.42,1.59,73.25,1.38
2021-07-12,72.87,-0.24,71.96,0.54,73.2,-0.05
2021-07-13,74.13,1.26,72.7,0.74,74.24,1.04
2021-07-14,72.46,-1.67,71.7,-1,74.31,0.07
2021-07-15,71.39,-1.07,71.16,-0.54,72.21,-2.1
2021-07-16,71.67,0.28,70.5,-0.66,72.01,-0.2
2021-07-19,66.94,-4.73,66.42,-4.08,71.22,-0.79
2021-07-20,67.61,0.67,65.92,-0.5,67.84,-3.38
2021-07-21,70.31,2.7,67.05,1.13,70.38,2.54
2021-07-22,71.67,1.36,69.77,2.72,71.7,1.32
2021-07-23,71.88,0.21,71.21,1.44,71.95,0.25
2021-07-26,72.06,0.18,70.57,-0.64,72.22,0.27
2021-07-27,71.89,-0.17,71.65,1.08,72.54,0.32
2021-07-28,72.35,0.46,71.95,0.3,72.65,0.11
2021-07-29,73.61,1.26,72.22,0.27,73.65,1
2021-07-30,73.8,0.19,72.95,0.73,74,0.35
2021-08-02,71.49,-2.31,71,-1.95,73.73,-0.27
2021-08-03,71.12,-0.37,69.9,-1.1,72.06,-1.67
2021-08-04,69.32,-1.8,69.07,-0.83,71.43,-0.63
2021-08-05,70.26,0.94,68.81,-0.26,70.35,-1.08
2021-08-06,69.87,-0.39,69.43,0.62,71.32,0.97
2021-08-09,68.16,-1.71,66.93,-2.5,69.05,-2.27
2021-08-10,69.76,1.6,68.44,1.51,70.26,1.21
2021-08-11,70.6,0.84,68.32,-0.12,70.71,0.45
2021-08-12,70.44,-0.16,70,1.68,70.94,0.23
2021-08-13,69.74,-0.7,69.25,-0.75,70.5,-0.44
2021-08-16,68.68,-1.06,67.44,-1.81,69.55,-0.95
2021-08-17,68.12,-0.56,67.97,0.53,69.08,-0.47
2021-08-18,67.26,-0.86,66.3,-1.67,69,-0.08
2021-08-19,65.53,-1.73,64.65,-1.65,66.58,-2.42
2021-08-20,64.28,-1.25,64.09,-0.56,65.84,-0.74
2021-08-23,67.86,3.58,63.92,-0.17,67.93,2.09
2021-08-24,69.78,1.92,67.69,3.77,70,2.07
2021-08-25,70.59,0.81,69.26,1.57,70.69,0.69
2021-08-26,69.57,-1.02,69.19,-0.07,70.45,-0.24
2021-08-27,71.05,1.48,69.89,0.7,71.1,0.65
2021-08-30,71.53,0.48,70.44,0.55,72,0.9
2021-08-31,71,-0.53,70.65,0.21,71.64,-0.36
2021-09-01,71.03,0.03,69.85,-0.8,71.75,0.11
2021-09-02,72.41,1.38,70.34,0.49,72.83,1.08
2021-09-03,71.98,-0.43,71.78,1.44,73.02,0.19
2021-09-07,71.06,-0.92,70.49,-1.29,72.25,-0.77
2021-09-08,71.82,0.76,70.95,0.46,72.23,-0.02
2021-09-09,70.79,-1.03,70.21,-0.74,72.4,0.17
2021-09-10,72.26,1.47,70.31,0.1,72.42,0.02
2021-09-13,72.9,0.64,72.04,1.73,73.27,0.85
2021-09-14,72.97,0.07,72.49,0.45,73.6,0.33
2021-09-15,74.78,1.81,73.14,0.65,75.42,1.82
2021-09-16,74.98,0.2,73.84,0.7,75.18,-0.24
2021-09-17,74.56,-0.42,73.93,0.09,75.07,-0.11
2021-09-20,73.07,-1.49,72.65,-1.28,74.6,-0.47
2021-09-21,73.57,0.5,72.5,-0.15,74.34,-0.26
2021-09-22,75.39,1.82,73.72,1.22,75.45,1.11
2021-09-23,76.46,1.07,74.81,1.09,76.53,1.08
2021-09-24,77.23,0.77,76.07,1.26,77.4,0.87
2021-09-27,78.72,1.49,77.42,1.35,79.04,1.64
2021-09-28,78.35,-0.37,77.31,-0.11,79.94,0.9
2021-09-29,78.09,-0.26,76.77,-0.54,78.74,-1.2
2021-09-30,78.31,0.22,76.5,-0.27,79.31,0.57
2021-10-01,79.28,0.97,77.57,1.07,79.41,0.1
2021-10-04,81.26,1.98,78.76,1.19,82,2.59
2021-10-05,82.56,1.3,81.2,2.44,83.11,1.11
2021-10-06,81.08,-1.48,80.59,-0.61,83.44,0.33
2021-10-07,81.95,0.87,79.08,-1.51,82.5,-0.94
2021-10-08,82.39,0.44,81.96,2.88,83.43,0.93
2021-10-11,83.65,1.26,82.56,0.6,84.6,1.17
2021-10-12,83.42,-0.23,82.72,0.16,84.23,-0.37
2021-10-13,83.18,-0.24,82.21,-0.51,83.69,-0.54
2021-10-14,84,0.82,83.19,0.98,84.53,0.84
2021-10-15,84.86,0.86,84.17,0.98,85.1,0.57
2021-10-18,84.33,-0.53,83.96,-0.21,86.03,0.93
2021-10-19,85.08,0.75,83.71,-0.25,85.4,-0.63
2021-10-20,85.82,0.74,83.63,-0.08,85.89,0.49
2021-10-21,84.61,-1.21,83.36,-0.27,86.12,0.23
2021-10-22,85.53,0.92,83.83,0.47,85.94,-0.18
2021-10-25,85.99,0.46,85.44,1.61,86.72,0.78
2021-10-26,86.4,0.41,85.28,-0.16,86.53,-0.19
2021-10-27,84.58,-1.82,84.05,-1.23,86.27,-0.26
2021-10-28,75.39,-9.19,82.31,-1.74,84.57,-1.7
2021-10-29,75.11,-0.28,74.61,-7.7,75.77,-8.8
2021-11-01,75.47,0.36,74.69,0.08,75.56,-0.21
2021-11-02,75.56,0.09,74.99,0.3,75.7,0.14
2021-11-03,73.66,-1.9,73.05,-1.94,74.71,-0.99
2021-11-04,73.44,-0.22,73.21,0.16,75.56,0.85
2021-11-05,75.38,1.94,73.45,0.24,75.55,-0.01
2021-11-08,75.91,0.53,75.43,1.98,76.06,0.51
2021-11-09,76.45,0.54,75.75,0.32,76.51,0.45
2021-11-10,74.92,-1.53,74.67,-1.08,76.73,0.22
2021-11-11,75.36,0.44,74.47,-0.2,75.49,-1.24
2021-11-12,74.81,-0.55,74.1,-0.37,75.2,-0.29
2021-11-15,74.81,0,74.03,-0.07,74.9,-0.3
2021-11-16,75.04,0.23,74.6,0.57,75.54,0.64
2021-11-17,73.62,-1.42,73.33,-1.27,74.85,-0.69
2021-11-18,74.57,0.95,73.08,-0.25,74.57,-0.28
2021-11-19,72.75,-1.82,72.49,-0.59,74.97,0.4
2021-11-22,73.79,1.04,72,-0.49,73.83,-1.14
2021-11-23,75.81,2.02,72.99,0.99,76.01,2.18
2021-11-24,75.55,-0.26,75.24,2.25,75.91,-0.1
2021-11-26,67.74,-7.81,67.82,-7.42,75.83,-0.08
2021-11-29,69.48,1.74,68.65,0.83,71.35,-4.48
2021-11-30,65.98,-3.5,64.72,-3.93,70.51,-0.84
2021-12-01,65.99,0.01,65.77,1.05,68.65,-1.86
2021-12-02,66.78,0.79,64.14,-1.63,67.28,-1.37
2021-12-03,67.2,0.42,66.66,2.52,68.77,1.49
2021-12-06,69.78,2.58,68,1.34,70.2,1.43
2021-12-07,71.93,2.15,69.9,1.9,72.25,2.05
2021-12-08,72.62,0.69,71.36,1.46,72.73,0.48
2021-12-09,71.48,-1.14,70.99,-0.37,73.08,0.35
2021-12-10,71.84,0.36,71.22,0.23,72.4,-0.68
2021-12-13,71.46,-0.38,71.36,0.14,72.6,0.2
2021-12-14,70.94,-0.52,70.24,-1.12,71.76,-0.84
2021-12-15,70.74,-0.2,69.74,-0.5,71.36,-0.4
2021-12-16,71.4,0.66,70.75,1.01,71.9,0.54
2021-12-17,70.02,-1.38,69.52,-1.23,71.2,-0.7
2021-12-20,68.49,-1.53,66.83,-2.69,69.05,-2.15
2021-12-21,70.5,2.01,68.9,2.07,70.71,1.66
2021-12-22,71.16,0.66,69.9,1,71.33,0.62
2021-12-23,72.18,1.02,70.81,0.91,72.3,0.97
2021-12-27,73.61,1.43,71,0.19,74.03,1.73
2021-12-28,74.02,0.41,73.9,2.9,74.7,0.67
2021-12-29,74.63,0.61,73.67,-0.23,75.06,0.36
2021-12-30,74.96,0.33,74.19,0.52,75.22,0.16
2021-12-31,73.35,-1.61,73.29,-0.9,74.69,-0.53
2022-01-03,74.59,1.24,73.24,-0.05,74.7,0.01
2022-01-04,75.59,1,74.59,1.35,75.78,1.08
2022-01-05,75.75,0.16,75.25,0.66,76.25,0.47
2022-01-06,76.48,0.73,74.69,-0.56,76.97,0.72
2022-01-07,76.3,-0.18,76,1.31,77.23,0.26
2022-01-10,75.73,-0.57,75.47,-0.53,76.76,-0.47
2022-01-11,77.92,2.19,75.9,0.43,77.98,1.22
2022-01-12,78.49,0.57,77.68,1.78,78.82,0.84
2022-01-13,78.33,-0.16,77.77,0.09,78.79,-0.03
2022-01-14,79.49,1.16,78.2,0.43,79.71,0.92
2022-01-18,80.7,1.21,79.19,0.99,81.4,1.69
2022-01-19,81.23,0.53,80.85,1.66,81.7,0.3
2022-01-20,81.54,0.31,80.38,-0.47,82.01,0.31
2022-01-21,80.98,-0.56,79.36,-1.02,81.08,-0.93
2022-01-24,79.62,-1.36,78.49,-0.87,81.7,0.62
2022-01-25,80.92,1.3,79.61,1.12,81,-0.7
2022-01-26,81.89,0.97,80.65,1.04,82.4,1.4
2022-01-27,81.18,-0.71,80.89,0.24,82.6,0.2
2022-01-28,81.1,-0.08,80.86,-0.03,82.46,-0.14
2022-01-31,81.62,0.52,81,0.14,81.91,-0.55
2022-02-01,81.57,-0.05,80.32,-0.68,82.02,0.11
2022-02-02,81.99,0.42,81.29,0.97,82.75,0.73
2022-02-03,83.27,1.28,80.98,-0.31,83.34,0.59
2022-02-04,84.52,1.25,83.39,2.41,84.78,1.44
2022-02-07,84.55,0.03,84.24,0.85,85.18,0.4
2022-02-08,83.11,-1.44,82.6,-1.64,84.61,-0.57
2022-02-09,84.09,0.98,82.56,-0.04,84.44,-0.17
2022-02-10,84.02,-0.07,83.62,1.06,85.18,0.74
2022-02-11,85.5,1.48,83.16,-0.46,86.04,0.86
2022-02-14,86.38,0.88,84.56,1.4,86.5,0.46
2022-02-15,83.55,-2.83,82.83,-1.73,85.73,-0.77
2022-02-16,84.46,0.91,82.28,-0.55,84.84,-0.89
2022-02-17,83.54,-0.92,82.76,0.48,84.01,-0.83
2022-02-18,84.25,0.71,82.16,-0.6,84.66,0.65
2022-02-22,85.79,1.54,83.65,1.49,87.74,3.08
2022-02-23,86.56,0.77,85.06,1.41,87.53,-0.21
2022-02-24,86.24,-0.32,85.2,0.14,92.04,4.51
2022-02-25,85.24,-1,84.48,-0.72,88.13,-3.91
2022-02-28,86.85,1.61,86.48,2,89.3,1.17
2022-03-01,89,2.15,87.16,0.68,90.5,1.2
2022-03-02,93.28,4.28,89.79,2.63,93.72,3.22
2022-03-03,93.46,0.18,92.39,2.6,96.31,2.59
2022-03-04,100.74,7.28,93.87,1.48,100.85,4.54
2022-03-07,103,2.26,99.72,5.85,108.5,7.65
2022-03-08,104.33,1.33,102.21,2.49,108.16,-0.34
2022-03-09,92.15,-12.18,94.92,-7.29,94.92,-13.24
2022-03-10,92.38,0.23,91.8,-3.12,96.72,1.8
2022-03-11,109.1,16.72,103.11,11.31,109.67,12.95
2022-03-14,91.96,-17.14,100.66,-2.45,109.03,-0.64
2022-03-15,89.46,-2.5,86.67,-13.99,90.98,-18.05
2022-03-16,87.53,-1.93,87.24,0.57,91.5,0.52
2022-03-17,93.04,5.51,93.08,5.84,93.54,2.04
2022-03-18,94.35,1.31,92.56,-0.52,95.03,1.49
2022-03-21,98.47,4.12,94.9,2.34,99,3.97
2022-03-22,98.19,-0.28,96.96,2.06,100.16,1.16
2022-03-23,101.22,3.03,98.65,1.69,101.61,1.45
2022-03-24,99.14,-2.08,98.07,-0.58,102.4,0.79
2022-03-25,100.61,1.47,96.53,-1.54,100.66,-1.74
2022-03-28,95.28,-5.33,92.5,-4.03,97.97,-2.69
2022-03-29,95.14,-0.14,90.85,-1.65,96.81,-1.16
2022-03-30,98.44,3.3,96.31,5.46,98.43,1.62
2022-03-31,95.51,-2.93,94.71,-1.6,98.3,-0.13
2022-04-01,97,1.49,94.43,-0.28,97.19,-1.11
2022-04-04,99.85,2.85,96,1.57,100,2.81
2022-04-05,99.05,-0.8,97.31,1.31,100.81,0.81
2022-04-06,95.63,-3.42,95.65,-1.66,100.21,-0.6
2022-04-07,96.12,0.49,94.39,-1.26,97.36,-2.85
2022-04-08,97.95,1.83,95.55,1.16,98,0.64
2022-04-11,98.48,0.53,94.02,-1.53,97.01,-0.99
2022-04-12,104.64,6.16,98.98,4.96,105.6,8.59
2022-04-13,102.24,-2.4,104.07,5.09,109,3.4
2022-04-14,103.6,1.36,100.38,-3.69,103.8,-5.2
2022-04-18,103.82,0.22,102.14,1.76,105.14,1.34
2022-04-19,99.23,-4.59,99.12,-3.02,103.79,-1.35
2022-04-20,99.74,0.51,98.41,-0.71,100.79,-3
2022-04-21,101.1,1.36,99.9,1.49,102.09,1.3
2022-04-22,98.93,-2.17,97.89,-2.01,100.49,-1.6
2022-04-25,96.07,-2.86,93.92,-3.97,97.89,-2.6
2022-04-26,97.61,1.54,95.45,1.53,98.58,0.69
2022-04-27,97.92,0.31,96.54,1.09,98.44,-0.14
2022-04-28,98.79,0.87,96.39,-0.15,99.05,0.61
2022-04-29,98.14,-0.65,97.6,1.21,100.46,1.41
2022-05-02,98.78,0.64,95.83,-1.77,99.5,-0.96
2022-05-03,97.45,-1.33,97.09,1.26,99.09,-0.41
2022-05-04,101.73,4.28,98.52,1.43,101.92,2.83
2022-05-05,102,0.27,100.62,2.1,104.11,2.19
2022-05-06,103.61,1.61,101,0.38,103.99,-0.12
2022-05-09,98.55,-5.06,97.89,-3.11,104.06,0.07
2022-05-10,95.84,-2.71,95.59,-2.3,99.01,-5.05
2022-05-11,100.08,4.24,95.23,-0.36,100.49,1.48
2022-05-12,99.64,-0.44,98.19,2.96,100.44,-0.05
2022-05-13,102.24,2.6,99.86,1.67,102.28,1.84
2022-05-16,103.37,1.13,103.3,3.44,103.3,1.02
2022-05-17,101.61,-1.76,101.04,-2.26,104.31,1.01
2022-05-18,98.76,-2.85,98.29,-2.75,103.02,-1.29
2022-05-19,101.24,2.48,96.9,-1.39,101.38,-1.64
2022-05-20,101.04,-0.2,100.11,3.21,101.62,0.24
2022-05-23,102.01,0.97,100.72,0.61,102.33,0.71
2022-05-24,102.28,0.27,100.69,-0.03,103.24,0.91
2022-05-25,103.01,0.73,102.3,1.61,103.37,0.13
2022-05-26,105.44,2.43,102.91,0.61,105.88,2.51
2022-05-27,106.2,0.76,104.15,1.24,106.33,0.45
2022-05-31,105.67,-0.53,105.33,1.18,109.8,3.47
2022-06-01,106.81,1.14,105.83,0.5,107.95,-1.85
2022-06-02,108.37,1.56,104.07,-1.76,108.91,0.96
2022-06-03,110.13,1.76,107.43,3.36,111.42,2.51
2022-06-06,110.26,0.13,111.07,3.64,111.07,-0.35
2022-06-07,111.85,1.59,110.31,-0.76,112.49,1.42
2022-06-08,114.19,2.34,112,1.69,115.06,2.57
2022-06-09,113.78,-0.41,113.39,1.39,114.53,-0.53
2022-06-10,112.24,-1.54,110.3,-3.09,114.12,-0.41
2022-06-13,112.13,-0.11,109.28,-1.02,113.35,-0.77
2022-06-14,110.72,-1.41,109.21,-0.07,113.98,0.63
2022-06-15,108.92,-1.8,108.63,-0.58,110.97,-3.01
2022-06-16,110.41,1.49,107.19,-1.44,110.65,-0.32
2022-06-17,104.24,-6.17,103.39,-3.8,111.06,0.41
2022-06-21,105.25,1.01,103.65,0.26,106.74,-4.32
2022-06-22,102.43,-2.82,98.95,-4.7,104.81,-1.93
2022-06-23,99.53,-2.9,99,0.05,102.26,-2.55
2022-06-24,101.56,2.03,98.49,-0.51,102.46,0.2
2022-06-27,103.19,1.63,100.41,1.92,103.8,1.34
2022-06-28,106.11,2.92,103.77,3.36,106.33,2.53
2022-06-29,104.36,-1.75,103.91,0.14,107.79,1.46
2022-06-30,100.58,-3.78,100.25,-3.66,104.99,-2.8
2022-07-01,102.16,1.58,99.8,-0.45,103,-1.99
2022-07-05,93.3,-8.86,91.88,-7.92,104.51,1.51
2022-07-06,91.82,-1.48,89.87,-2.01,95.57,-8.94
2022-07-07,95.54,3.72,90.79,0.92,96.58,1.01
2022-07-08,98.09,2.55,95.46,4.67,98.45,1.87
2022-07-11,98.52,0.43,95.24,-0.22,98.69,0.24
2022-07-12,91.69,-6.83,91.19,-4.05,97.62,-1.07
2022-07-13,92.18,0.49,90.56,-0.63,93.16,-4.46
2022-07-14,90.93,-1.25,91.61,1.05,91.61,-1.55
2022-07-15,92.51,1.58,90.19,-1.42,93.65,2.04
2022-07-18,96.7,4.19,91.29,1.1,97.02,3.37
2022-07-19,97.48,0.78,94.5,3.21,97.68,0.66
2022-07-20,97.36,-0.12,95.67,1.17,97.69,0.01
2022-07-21,95.05,-2.31,93.08,-2.59,96.95,-0.74
2022-07-22,94.04,-1.01,93.5,0.42,96.2,-0.75
2022-07-25,95.92,1.88,92.71,-0.79,96.04,-0.16
2022-07-26,95.34,-0.58,94.92,2.21,97.81,1.77
2022-07-27,97.75,2.41,98.72,3.8,98.73,0.92
2022-07-28,97.74,-0.01,97.01,-1.71,100.2,1.47
2022-07-29,99.62,1.88,97.96,0.95,101.8,1.6
2022-08-01,96.47,-3.15,95,-2.96,99.51,-2.29
2022-08-02,97.28,0.81,95.14,0.14,98.47,-1.04
2022-08-03,94.06,-3.22,94.01,-1.13,99,0.53
2022-08-04,91.31,-2.75,90.45,-3.56,94.8,-4.2
2022-08-05,91.92,0.61,89.86,-0.59,93.22,-1.58
2022-08-08,93.9,1.98,90.56,0.7,94,0.78
2022-08-09,93.64,-0.26,92.27,1.71,95.53,1.53
2022-08-10,95.18,1.54,91.43,-0.84,95.47,-0.06
2022-08-11,97.15,1.97,94.67,3.24,97.7,2.23
2022-08-12,95.78,-1.37,94.86,0.19,97.72,0.02
2022-08-15,93.4,-2.38,90.93,-3.93,95.5,-2.22
2022-08-16,91.06,-2.34,91.02,0.09,91.02,-4.48
2022-08-17,92.3,1.24,90.34,-0.68,92.99,1.97
2022-08-18,94.68,2.38,91.8,1.46,95.43,2.44
2022-08-19,95.14,0.46,92.7,0.9,96,0.57
2022-08-22,94.88,-0.26,95.47,2.77,95.47,-0.53
2022-08-23,98,3.12,95.14,-0.33,98.18,2.71
2022-08-24,99.11,1.11,97.26,2.12,99.59,1.41
2022-08-25,97.25,-1.86,97.05,-0.21,100.18,0.59
2022-08-26,97.35,0.1,95.65,-1.4,98.59,-1.59
2022-08-29,100.94,3.59,96.61,0.96,101.09,2.5
2022-08-30,96.46,-4.48,96.96,0.35,96.96,-4.13
2022-08-31,94.21,-2.25,93.28,-3.68,97.53,0.57
2022-09-01,91.32,-2.89,90.86,-2.42,90.86,-6.67
2022-09-02,91.81,0.49,90.86,0,94,3.14
2022-09-06,91.97,0.16,91.38,0.52,95.5,1.5
2022-09-07,87.21,-4.76,86.55,-4.83,92.74,-2.76
2022-09-08,88.25,1.04,87.36,0.81,87.36,-5.38
2022-09-09,91.71,3.46,87.36,0,91.96,4.6
2022-09-12,92.93,1.22,90.25,2.89,93.92,1.96
2022-09-13,92.22,-0.71,90.18,-0.07,94.29,0.37
2022-09-14,93.12,0.9,93.42,3.24,93.42,-0.87
2022-09-15,89.61,-3.51,89.5,-3.92,89.5,-3.92
2022-09-16,90.05,0.44,89.01,-0.49,91.26,1.76
2022-09-19,90.66,0.61,87.24,-1.77,91.08,-0.18
2022-09-20,89.4,-1.26,89.59,2.35,89.59,-1.49
2022-09-21,88.8,-0.6,88.31,-1.28,92.19,2.6
2022-09-22,89.53,0.73,88.28,-0.03,91.74,-0.45
2022-09-23,85.03,-4.5,84.47,-3.81,89.78,-1.96
2022-09-26,82.86,-2.17,82.43,-2.04,86.45,-3.33
2022-09-27,84.87,2.01,82.65,0.22,85.84,-0.61
2022-09-28,88.05,3.18,82.95,0.3,88.21,2.37
2022-09-29,87.18,-0.87,86.18,3.23,88.74,0.53
2022-09-30,85.14,-2.04,84.99,-1.19,88.63,-0.11
2022-10-03,88.86,3.72,88.89,3.9,88.89,0.26
2022-10-04,91.8,2.94,88.69,-0.2,92.39,3.5
2022-10-05,93.37,1.57,90.9,2.21,93.97,1.58
2022-10-06,94.42,1.05,92.73,1.83,95.01,1.04
2022-10-07,97.92,3.5,93.93,1.2,98.59,3.58
2022-10-10,96.19,-1.73,96.15,2.22,96.15,-2.44
2022-10-11,94.29,-1.9,93.11,-3.04,96.45,0.3
2022-10-12,92.45,-1.84,91.58,-1.53,95.17,-1.28
2022-10-13,94.57,2.12,94.75,3.17,94.75,-0.42
2022-10-14,91.63,-2.94,91.27,-3.48,95.11,0.36
2022-10-17,91.62,-0.01,90.84,-0.43,93.23,-1.88
2022-10-18,90.03,-1.59,88.77,-2.07,92.65,-0.58
2022-10-19,92.41,2.38,89.38,0.61,92.84,0.19
2022-10-20,92.38,-0.03,91.92,2.54,94.77,1.93
2022-10-21,93.5,1.12,91.02,-0.9,93.8,-0.97
2022-10-24,93.26,-0.24,91.21,0.19,94.44,0.64
2022-10-25,93.52,0.26,91.63,0.42,94.37,-0.07
2022-10-26,95.69,2.17,92.04,0.41,96.19,1.82
2022-10-27,96.96,1.27,95.08,3.04,97.28,1.09
2022-10-28,82.78,-14.18,82,-13.08,83.7,-13.58
2022-10-31,82.29,-0.49,81.19,-0.81,82.94,-0.76
2022-11-01,83.35,1.06,83.35,2.16,83.86,0.92
2022-11-02,85.03,1.68,83.29,-0.06,85.1,1.24
2022-11-03,83.91,-1.12,83.45,0.16,84.76,-0.34
2022-11-04,86.73,2.82,85.14,1.69,87,2.24
2022-11-07,86.46,-0.27,85.47,0.33,87.25,0.25
2022-11-08,84.84,-1.62,84.84,-0.63,86.86,-0.39
2022-11-09,82.57,-2.27,82.26,-2.58,84.87,-1.99
2022-11-10,82.83,0.26,81.94,-0.32,83.33,-1.54
2022-11-11,84.66,1.83,82.96,1.02,84.95,1.62
2022-11-14,83.34,-1.32,83.12,0.16,85.26,0.31
2022-11-15,84.74,1.4,83.19,0.07,86,0.74
2022-11-16,83.38,-1.36,82.87,-0.32,85.18,-0.82
2022-11-17,81.79,-1.59,81.19,-1.68,83.25,-1.93
2022-11-18,81.14,-0.65,79.81,-1.38,82.47,-0.78
2022-11-21,81.76,0.62,78.54,-1.27,81.9,-0.57
2022-11-22,82.06,0.3,81.62,3.08,82.8,0.9
2022-11-23,80.97,-1.09,79.94,-1.68,82.25,-0.55
2022-11-25,80,-0.97,80,0.06,82.35,0.1
2022-11-28,80.49,0.49,78.08,-1.92,80.86,-1.49
2022-11-29,81.11,0.62,80.26,2.18,81.93,1.07
2022-11-30,83.52,2.41,81.39,1.13,83.55,1.62
2022-12-01,83.3,-0.22,82.94,1.55,84.47,0.92
2022-12-02,82.87,-0.43,82.22,-0.72,83.57,-0.9
2022-12-05,80.82,-2.05,80.75,-1.47,84.69,1.12
2022-12-06,78.36,-2.46,77.94,-2.81,81.13,-3.56
2022-12-07,76.64,-1.72,76.44,-1.5,79.05,-2.08
2022-12-08,75.88,-0.76,75.38,-1.06,77.5,-1.55
2022-12-09,75.89,0.01,75.1,-0.28,76.57,-0.93
2022-12-12,77.23,1.34,75.06,-0.04,77.58,1.01
2022-12-13,78.58,1.35,77.08,2.02,79.03,1.45
2022-12-14,79.83,1.25,78.17,1.09,80.05,1.02
2022-12-15,78.21,-1.62,78.04,-0.13,79.34,-0.71
2022-12-16,77.06,-1.15,76.28,-1.76,78.38,-0.96
2022-12-19,77.29,0.23,76.8,0.52,78.03,-0.35
2022-12-20,77.91,0.62,76.67,-0.13,78.31,0.28
2022-12-21,79.22,1.31,78.45,1.78,79.43,1.12
2022-12-22,78.32,-0.9,78.2,-0.25,80.18,0.75
2022-12-23,80.96,2.64,78.83,0.63,80.97,0.79
2022-12-27,81.23,0.27,80.75,1.92,82.19,1.22
2022-12-28,80.68,-0.55,79.66,-1.09,81.22,-0.97
2022-12-29,79.81,-0.87,79.06,-0.6,79.92,-1.3
2022-12-30,81.65,1.84,79.45,0.39,81.9,1.98
2023-01-03,79.05,-2.6,79,-0.45,81.85,-0.05
2023-01-04,76.25,-2.8,76.24,-2.76,79.56,-2.29
2023-01-05,76.91,0.66,76.1,-0.14,77.66,-1.9
2023-01-06,77.02,0.11,76.58,0.48,78.35,0.69
2023-01-09,78.2,1.18,77.15,0.57,79.14,0.79
2023-01-10,78.25,0.05,77.7,0.55,78.79,-0.35
2023-01-11,80.16,1.91,77.84,0.14,80.33,1.54
2023-01-12,81.17,1.01,79.77,1.93,81.55,1.22
2023-01-13,82.25,1.08,80.7,0.93,82.37,0.82
2023-01-17,82.48,0.23,81.25,0.55,83.09,0.72
2023-01-18,82.06,-0.42,81.64,0.39,83.98,0.89
2023-01-19,82.93,0.87,81.3,-0.34,83.4,-0.58
2023-01-20,84.01,1.08,82.84,1.54,84.01,0.61
2023-01-23,84.55,0.54,83.66,0.82,84.76,0.75
2023-01-24,83.04,-1.51,83,-0.66,84.66,-0.1
2023-01-25,82.79,-0.25,82.39,-0.61,83.58,-1.08
2023-01-26,83.42,0.63,82.6,0.21,84.1,0.52
2023-01-27,82.16,-1.26,81.9,-0.7,84.23,0.13
2023-01-30,80.6,-1.56,80.42,-1.48,82.79,-1.44
2023-01-31,81.79,1.19,79.75,-0.67,81.89,-0.9
2023-02-01,79.56,-2.23,79.4,-0.35,82.06,0.17
2023-02-02,79.33,-0.23,79.06,-0.34,80.12,-1.94
2023-02-03,77.03,-2.3,76.8,-2.26,80.84,0.72
2023-02-06,77.97,0.94,76.31,-0.49,78.02,-2.82
2023-02-07,80.13,2.16,78.54,2.23,80.45,2.43
2023-02-08,81.2,1.07,79.94,1.4,81.22,0.77
2023-02-09,80.57,-0.63,79.96,0.02,81.25,0.03
2023-02-10,82.17,1.6,80.15,0.19,82.45,1.2
2023-02-13,82.53,0.36,81.32,1.17,82.64,0.19
2023-02-14,81.94,-0.59,80.89,-0.43,82.23,-0.41
2023-02-15,81.7,-0.24,80.48,-0.41,82,-0.23
2023-02-16,81.55,-0.15,81.18,0.7,82.08,0.08
2023-02-17,79.74,-1.81,78.92,-2.26,80.92,-1.16
2023-02-21,79.87,0.13,79.5,0.58,80.61,-0.31
2023-02-22,78.1,-1.77,78,-1.5,79.87,-0.74
2023-02-23,79.2,1.1,78.07,0.07,79.35,-0.52
2023-02-24,79.82,0.62,78.02,-0.05,79.92,0.57
2023-02-27,78.98,-0.84,78.51,0.49,80.06,0.14
2023-02-28,79.95,0.97,78.86,0.35,80.5,0.44
2023-03-01,80.75,0.8,79.35,0.49,80.75,0.25
2023-03-02,81.19,0.44,80.44,1.09,81.24,0.49
2023-03-03,82.36,1.17,79.43,-1.01,82.45,1.21
2023-03-06,82.79,0.43,81.26,1.83,82.88,0.43
2023-03-07,80.34,-2.45,80.16,-1.1,83.23,0.35
2023-03-08,79.73,-0.61,79.28,-0.88,80.6,-2.63
2023-03-09,78.67,-1.06,78.43,-0.85,80.65,0.05
2023-03-10,79.61,0.94,77.98,-0.45,79.87,-0.78
2023-03-13,77.98,-1.63,75.8,-2.18,79.85,-0.02
2023-03-14,75.12,-2.86,74.61,-1.19,77.46,-2.39
2023-03-15,71.81,-3.31,70.17,-4.44,75.99,-1.47
2023-03-16,72.77,0.96,70.38,0.21,73.21,-2.78
2023-03-17,71.6,-1.17,70.45,0.07,74.06,0.85
2023-03-20,72.43,0.83,69.58,-0.87,72.46,-1.6
2023-03-21,73.51,1.08,71.76,2.18,73.65,1.19
2023-03-22,74.69,1.18,72.94,1.18,74.82,1.17
2023-03-23,74.02,-0.67,73.42,0.48,75.22,0.4
2023-03-24,73.26,-0.76,71.37,-2.05,73.93,-1.29
2023-03-27,76.21,2.95,72.99,1.62,76.39,2.46
2023-03-28,76.41,0.2,75.84,2.85,76.89,0.5
2023-03-29,75.9,-0.51,75.65,-0.19,77.05,0.16
2023-03-30,76.79,0.89,75.8,0.15,76.98,-0.07
2023-03-31,77.91,1.12,76.16,0.36,77.91,0.93
2023-04-03,81.5,3.59,80.44,4.28,82.59,4.68
2023-04-04,81.47,-0.03,80.58,0.14,82.37,-0.22
2023-04-05,81.55,0.08,80.82,0.24,81.96,-0.41
2023-04-06,81.48,-0.07,80.84,0.02,81.68,-0.28
2023-04-10,80.81,-0.67,80.7,-0.14,81.82,0.14
2023-04-11,82.02,1.21,80.49,-0.21,82.04,0.22
2023-04-12,83.34,1.32,81.84,1.35,83.44,1.4
2023-04-13,82.62,-0.72,82.62,0.78,83.51,0.07
2023-04-14,82.86,0.24,82.22,-0.4,83.2,-0.31
2023-04-17,81.72,-1.14,81.46,-0.76,82.8,-0.4
2023-04-18,81.79,0.07,81.18,-0.28,82.37,-0.43
2023-04-19,80.31,-1.48,79.79,-1.39,81.66,-0.71
2023-04-20,78.52,-1.79,78.27,-1.52,79.73,-1.93
2023-04-21,79.34,0.82,78,-0.27,79.41,-0.32
2023-04-24,80.36,1.02,78.35,0.35,80.49,1.08
2023-04-25,78.38,-1.98,78.11,-0.24,80.54,0.05
2023-04-26,76.03,-2.35,75.83,-2.28,79.11,-1.43
2023-04-27,76.22,0.19,75.52,-0.31,76.45,-2.66
2023-04-28,78.08,1.86,75.66,0.14,78.1,1.65
2023-05-01,77.09,-0.99,76.22,0.56,77.44,-0.66
2023-05-02,73.58,-3.51,73.46,-2.76,77.16,-0.28
2023-05-03,71.15,-2.43,70.66,-2.8,73.63,-3.53
2023-05-04,71.12,-0.03,70,-0.66,72.11,-1.52
2023-05-05,73.69,2.57,71.4,1.4,73.8,1.69
2023-05-08,75.36,1.67,73.69,2.29,75.51,1.71
2023-05-09,75.88,0.52,73.76,0.07,75.9,0.39
2023-05-10,75,-0.88,75.26,1.5,75.26,-0.64
2023-05-11,73.41,-1.59,73.21,-2.05,75.7,0.44
2023-05-12,72.51,-0.9,72.47,-0.74,74.1,-1.6
2023-05-15,73.64,1.13,72,-0.47,74.04,-0.06
2023-05-16,73.35,-0.29,73.21,1.21,74.13,0.09
2023-05-17,75.46,2.11,72.77,-0.44,75.53,1.4
2023-05-18,74.66,-0.8,74.66,1.89,75.47,-0.06
2023-05-19,74.17,-0.49,73.82,-0.84,76.01,0.54
2023-05-22,74.47,0.3,73.29,-0.53,74.81,-1.2
2023-05-23,75.33,0.86,74.14,0.85,76.04,1.23
2023-05-24,76.73,1.4,75.56,1.42,76.84,0.8
2023-05-25,74.74,-1.99,73.72,-1.84,76.74,-0.1
2023-05-26,75.64,0.9,74.53,0.81,75.84,-0.9
2023-05-30,72.64,-3,72.33,-2.2,76.34,0.5
2023-05-31,71.63,-1.01,70.8,-1.53,72.73,-3.61
2023-06-01,73.3,1.67,73.6,2.8,73.6,0.87
2023-06-02,74.95,1.65,73.6,0,75.23,1.63
2023-06-05,75.26,0.31,74.91,1.31,77.55,2.32
2023-06-06,74.87,-0.39,73.52,-1.39,75.3,-2.25
2023-06-07,75.67,0.8,74.35,0.83,76.17,0.87
2023-06-08,74.71,-0.96,72.68,-1.67,76.27,0.1
2023-06-09,73.87,-0.84,73.86,1.18,75.26,-1.01
2023-06-12,71.17,-2.7,71.01,-2.85,73.6,-1.66
2023-06-13,73.5,2.33,71.38,0.37,73.78,0.18
2023-06-14,72.46,-1.04,72.32,0.94,74.44,0.66
2023-06-15,74.91,2.45,72.17,-0.15,75.13,0.69
2023-06-16,75.78,0.87,74.46,2.29,75.85,0.72
2023-06-20,74.99,-0.79,73.89,-0.57,76.02,0.17
2023-06-21,76.23,1.24,74.68,0.79,76.23,0.21
2023-06-22,73.79,-2.44,73.33,-1.35,76.18,-0.05
2023-06-23,73.56,-0.23,72.05,-1.28,73.6,-2.58
2023-06-26,73.91,0.35,73.19,1.14,74.49,0.89
2023-06-27,72.47,-1.44,72.38,-0.81,74.52,0.03
2023-06-28,74.11,1.64,72.15,-0.23,74.21,-0.31
2023-06-29,74.2,0.09,73.43,1.28,74.8,0.59
2023-06-30,74.91,0.71,74.08,0.65,75.23,0.43
2023-07-03,73.94,-0.97,73.88,-0.2,75.88,0.65
2023-07-05,75.78,1.84,74.26,0.38,76.04,0.16
2023-07-06,75.47,-0.31,74.19,-0.07,76,-0.04
2023-07-07,77.17,1.7,75.21,1.02,77.18,1.18
2023-07-10,76.61,-0.56,76.29,1.08,77.52,0.34
2023-07-11,78.23,1.62,76.73,0.44,78.29,0.77
2023-07-12,78.98,0.75,78.08,1.35,79.24,0.95
2023-07-13,80.1,1.12,78.86,0.78,80.37,1.13
2023-07-14,78.81,-1.29,78.54,-0.32,80.3,-0.07
2023-07-17,77.79,-1.02,77.71,-0.83,79.37,-0.93
2023-07-18,78.92,1.13,77.68,-0.03,79.15,-0.22
2023-07-19,78.83,-0.09,78.63,0.95,80,0.85
2023-07-20,78.99,0.16,78.14,-0.49,79.55,-0.45
2023-07-21,80.17,1.18,79.2,1.06,80.33,0.78
2023-07-24,81.64,1.47,79.57,0.37,82.02,1.69
2023-07-25,82.3,0.66,81.18,1.61,82.5,0.48
2023-07-26,81.72,-0.58,81.41,0.23,82.34,-0.16
2023-07-27,82.84,1.12,81.75,0.34,83.13,0.79
2023-07-28,83.44,0.6,82.06,0.31,83.54,0.41
2023-07-31,84.46,1.02,82.99,0.93,84.59,1.05
2023-08-01,84.02,-0.44,83.65,0.66,84.46,-0.13
2023-08-02,82.41,-1.61,82,-1.65,84.98,0.52
2023-08-03,84.25,1.84,81.89,-0.11,84.5,-0.48
2023-08-04,85.32,1.07,84.2,2.31,85.61,1.11
2023-08-07,84.54,-0.78,84.31,0.11,85.72,0.11
2023-08-08,85.24,0.7,82.74,-1.57,85.28,-0.44
2023-08-09,86.41,1.17,84.99,2.25,86.43,1.15
2023-08-10,85.38,-1.03,85.16,0.17,86.71,0.28
2023-08-11,85.59,0.21,84.98,-0.18,86.07,-0.64
2023-08-14,84.94,-0.65,84.45,-0.53,85.38,-0.69
2023-08-15,83.77,-1.17,83.23,-1.22,85.34,-0.04
2023-08-16,82.6,-1.17,82.51,-0.72,84.34,-1
2023-08-17,83.24,0.64,82.19,-0.32,83.97,-0.37
2023-08-18,83.94,0.7,82.53,0.34,84.13,0.16
2023-08-21,83.7,-0.24,83.63,1.1,84.97,0.84
2023-08-22,83.35,-0.35,83.14,-0.49,83.93,-1.04
2023-08-23,82.55,-0.8,81.46,-1.68,83.51,-0.42
2023-08-24,82.57,0.02,81.35,-0.11,82.85,-0.66
2023-08-25,83.56,0.99,81.91,0.56,83.92,1.07
2023-08-28,83.48,-0.08,83.16,1.25,84.27,0.35
2023-08-29,84.44,0.96,82.85,-0.31,84.55,0.28
2023-08-30,84.75,0.31,84.12,1.27,85.15,0.6
2023-08-31,86.23,1.48,84.63,0.51,86.27,1.12
2023-09-01,87.8,1.57,86.21,1.58,88.18,1.91
2023-09-05,89.35,1.55,87.39,1.18,90.38,2.2
2023-09-06,89.86,0.51,88.63,1.24,90.35,-0.03
2023-09-07,89.25,-0.61,88.82,0.19,90.15,-0.2
2023-09-08,90.03,0.78,88.64,-0.18,90.33,0.18
2023-09-11,90.04,0.01,89.53,0.89,90.84,0.51
2023-09-12,91.33,1.29,89.94,0.41,91.67,0.83
2023-09-13,91.2,-0.13,90.94,1,92.02,0.35
2023-09-14,92.94,1.74,91.34,0.4,93.4,1.38
2023-09-15,93.04,0.1,91.94,0.6,93.81,0.41
2023-09-18,93.29,0.25,92.68,0.74,93.9,0.09
2023-09-19,93.14,-0.15,92.98,0.3,94.58,0.68
2023-09-20,92.35,-0.79,91.69,-1.29,93.52,-1.06
2023-09-21,92.26,-0.09,91.12,-0.57,93.43,-0.09
2023-09-22,91.96,-0.3,91.6,0.48,93.38,-0.05
2023-09-25,91.88,-0.08,91.21,-0.39,92.73,-0.65
2023-09-26,92.43,0.55,90.43,-0.78,92.71,-0.02
2023-09-27,94.36,1.93,92.52,2.09,94.8,2.09
2023-09-28,93.1,-1.26,92.76,0.24,95.34,0.54
2023-09-29,92.2,-0.9,91.95,-0.81,94.14,-1.2
2023-10-02,90.71,-1.49,90.35,-1.6,93.32,-0.82
2023-10-03,90.92,0.21,89.52,-0.83,91.56,-1.76
2023-10-04,85.81,-5.11,85.73,-3.79,91.19,-0.37
2023-10-05,84.07,-1.74,83.84,-1.89,86.51,-4.68
2023-10-06,84.58,0.51,83.45,-0.39,84.96,-1.55
2023-10-09,88.15,3.57,86.07,2.62,89,4.04
2023-10-10,87.65,-0.5,86.92,0.85,88.47,-0.53
2023-10-11,85.82,-1.83,85.22,-1.7,88.25,-0.22
2023-10-12,86,0.18,85.18,-0.04,87.64,-0.61
2023-10-13,90.89,4.89,86.28,1.1,90.99,3.35
2023-10-16,89.65,-1.24,89.49,3.21,91.39,0.4
2023-10-17,89.9,0.25,88.87,-0.62,90.92,-0.47
2023-10-18,91.5,1.6,90.6,1.73,92.97,2.05
2023-10-19,92.38,0.88,89.53,-1.07,93.47,0.5
2023-10-20,92.16,-0.22,91.68,2.15,93.79,0.32
2023-10-23,89.83,-2.33,89.62,-2.06,92.43,-1.36
2023-10-24,88.07,-1.76,87.35,-2.27,90.67,-1.76
2023-10-25,90.13,2.06,86.67,-0.68,90.34,-0.33
2023-10-26,87.93,-2.2,87.55,0.88,90.36,0.02
2023-10-27,90.48,2.55,87.84,0.29,90.74,0.38
2023-10-30,87.45,-3.03,87.22,-0.62,90.3,-0.44
2023-10-31,87.42,-0.03,87.42,0.2,88.53,-1.77
2023-11-02,86.94,-0.48,86.86,-0.56,86.94,-1.59
2023-11-03,84.89,-2.05,84.55,-2.31,87.78,0.84
2023-11-06,85.18,0.29,84.91,0.36,86.45,-1.33
2023-11-07,81.61,-3.57,81.42,-3.49,85.32,-1.13
2023-11-08,79.54,-2.07,79.16,-2.26,81.93,-3.39
2023-11-09,80.01,0.47,79.44,0.28,81.48,-0.45
2023-11-10,81.43,1.42,79.61,0.17,82.05,0.57
2023-11-13,82.52,1.09,80.41,0.8,82.82,0.77
2023-11-14,82.47,-0.05,82.05,1.64,83.97,1.15
2023-11-15,81.18,-1.29,80.8,-1.25,83.01,-0.96
2023-11-16,77.42,-3.76,76.6,-4.2,81.16,-1.85
2023-11-17,80.61,3.19,77.28,0.68,80.8,-0.36
2023-11-20,82.32,1.71,79.97,2.69,82.93,2.13
2023-11-21,82.45,0.13,81.41,1.44,82.53,-0.4
2023-11-22,81.96,-0.49,78.41,-3,82.63,0.1
2023-11-24,80.58,-1.38,80.18,1.77,82.2,-0.43
2023-11-27,79.98,-0.6,79.13,-1.05,81.18,-1.02
2023-11-28,81.68,1.7,79.83,0.7,82.18,1
2023-11-29,83.1,1.42,80.96,1.13,83.24,1.06
2023-11-30,80.86,-2.24,82.67,1.71,84.71,1.47
2023-12-01,78.88,-1.98,78.75,-3.92,81.52,-3.19
2023-12-04,78.03,-0.85,77.52,-1.23,79.66,-1.86
2023-12-05,77.2,-0.83,76.98,-0.54,79.07,-0.59
2023-12-06,74.3,-2.9,74.11,-2.87,77.63,-1.44
2023-12-07,74.05,-0.25,73.61,-0.5,75.48,-2.15
2023-12-08,75.84,1.79,74.23,0.62,76.36,0.88
2023-12-11,76.03,0.19,75,0.77,76.48,0.12
2023-12-12,73.24,-2.79,72.86,-2.14,76.64,0.16
2023-12-13,74.26,1.02,72.3,-0.56,74.7,-1.94
2023-12-14,77.12,2.86,74.46,2.16,77.35,2.65
2023-12-15,77.03,-0.09,76.32,1.86,77.67,0.32
2023-12-18,78.11,1.08,76.38,0.06,79.74,2.07
2023-12-19,79.37,1.26,77.54,1.16,79.77,0.03
2023-12-20,79.42,0.05,79.11,1.57,80.62,0.85
2023-12-21,78.79,-0.63,77.76,-1.35,79.59,-1.03
2023-12-22,78.33,-0.46,78.24,0.48,79.6,0.01
2023-12-26,80.23,1.9,78.22,-0.02,80.7,1.1
2023-12-27,79.09,-1.14,78.91,0.69,80.21,-0.49
2023-12-28,76.82,-2.27,76.8,-2.11,79.34,-0.87
2023-12-29,76.64,-0.18,76.44,-0.36,77.48,-1.86
2024-01-02,75.89,-0.75,75.6,-0.84,79.04,1.56
2024-01-03,78.25,2.36,74.79,-0.81,78.67,-0.37
2024-01-04,77.59,-0.66,76.5,1.71,79.4,0.73
2024-01-05,78.14,0.55,77.14,0.64,78.5,-0.9
2024-01-08,75.6,-2.54,74.95,-2.19,77.47,-1.03
2024-01-09,76.81,1.21,75.41,0.46,77.34,-0.13
2024-01-10,75.89,-0.92,75.73,0.32,77.71,0.37
